# enabled	case	core_utilization	flow_variant	round_id	start_kind	notes
1	aes_asap7	default	paper9_place	paper9	framework	Table 4 target
1	aes_nangate45	default	paper9_place	paper9	framework	Table 4 target
1	ariane133_nangate45	default	paper9_place	paper9	framework	Table 4 target
1	ibex_asap7	default	paper9_place	paper9	framework	Table 4 target
1	ibex_nangate45	default	paper9_place	paper9	framework	Table 4 target
1	jpeg_asap7	default	paper9_place	paper9	framework	Table 4 target
1	jpeg_nangate45	default	paper9_place	paper9	framework	Table 4 target
1	swerv_wrapper_asap7	default	paper9_place	paper9	framework	Table 4 target
1	swerv_wrapper_nangate45	default	paper9_place	paper9	framework	Table 4 target
