enabled	case	pattern	design	design_nickname	additional_lefs	lib_files	timeout_seconds
1	ariane133_placebatch	center_band_8	ariane	ariane133	fakeram45_256x16.lef	NangateOpenCellLibrary_typical.lib;fakeram45_256x16.lib	7200
1	ariane133_placebatch	center_band_9	ariane	ariane133	fakeram45_256x16.lef	NangateOpenCellLibrary_typical.lib;fakeram45_256x16.lib	7200
1	ariane133_placebatch	center_band_10	ariane	ariane133	fakeram45_256x16.lef	NangateOpenCellLibrary_typical.lib;fakeram45_256x16.lib	7200
1	swerv_wrapper_dense2	center_band_5p25	swerv_wrapper	swerv_wrapper	fakeram45_2048x39.lef;fakeram45_256x34.lef;fakeram45_64x21.lef	NangateOpenCellLibrary_typical.lib;fakeram45_2048x39.lib;fakeram45_256x34.lib;fakeram45_64x21.lib	7200
1	swerv_wrapper_dense2	center_band_5p5	swerv_wrapper	swerv_wrapper	fakeram45_2048x39.lef;fakeram45_256x34.lef;fakeram45_64x21.lef	NangateOpenCellLibrary_typical.lib;fakeram45_2048x39.lib;fakeram45_256x34.lib;fakeram45_64x21.lib	7200
1	swerv_wrapper_dense2	center_band_6	swerv_wrapper	swerv_wrapper	fakeram45_2048x39.lef;fakeram45_256x34.lef;fakeram45_64x21.lef	NangateOpenCellLibrary_typical.lib;fakeram45_2048x39.lib;fakeram45_256x34.lib;fakeram45_64x21.lib	7200
1	bp_quad_placebatch	center_band_5	bsg_chip	bp_quad	fakeram45_256x48.lef;fakeram45_32x32.lef;fakeram45_64x124.lef;fakeram45_512x64.lef;fakeram45_64x62.lef;fakeram45_128x116.lef	NangateOpenCellLibrary_typical.lib;fakeram45_256x48.lib;fakeram45_32x32.lib;fakeram45_64x124.lib;fakeram45_512x64.lib;fakeram45_64x62.lib;fakeram45_128x116.lib	7200
1	bp_quad_placebatch	center_band_6	bsg_chip	bp_quad	fakeram45_256x48.lef;fakeram45_32x32.lef;fakeram45_64x124.lef;fakeram45_512x64.lef;fakeram45_64x62.lef;fakeram45_128x116.lef	NangateOpenCellLibrary_typical.lib;fakeram45_256x48.lib;fakeram45_32x32.lib;fakeram45_64x124.lib;fakeram45_512x64.lib;fakeram45_64x62.lib;fakeram45_128x116.lib	7200
1	bp_quad_placebatch	center_band_8	bsg_chip	bp_quad	fakeram45_256x48.lef;fakeram45_32x32.lef;fakeram45_64x124.lef;fakeram45_512x64.lef;fakeram45_64x62.lef;fakeram45_128x116.lef	NangateOpenCellLibrary_typical.lib;fakeram45_256x48.lib;fakeram45_32x32.lib;fakeram45_64x124.lib;fakeram45_512x64.lib;fakeram45_64x62.lib;fakeram45_128x116.lib	7200
