program	discovery_case	target_case	status	default_hpwl	candidate_hpwl	delta_hpwl_percent	default_runtime_s	candidate_runtime_s	runtime_ratio	score	results_tsv
P_aes_asap7	aes_asap7	aes_asap7	PASS	42207.8	41615.0	-1.404	5.330	8.517	1.598	0.815	<ORIGINAL_WORKSPACE>/dpl_evolve_agent/.dpl_evolve_state/best_evolved_transfer/ghr_best_9case_20260525_111552/matrices/P_aes_asap7/results.tsv
P_aes_asap7	aes_asap7	aes_nangate45	PASS	176845.1	178358.0	+0.855	6.030	8.107	1.344	-1.158	<ORIGINAL_WORKSPACE>/dpl_evolve_agent/.dpl_evolve_state/best_evolved_transfer/ghr_best_9case_20260525_111552/matrices/P_aes_asap7/results.tsv
P_aes_asap7	aes_asap7	ariane133_nangate45	PASS	5784913.3	5693257.2	-1.584	151.252	106.874	0.707	1.584	<ORIGINAL_WORKSPACE>/dpl_evolve_agent/.dpl_evolve_state/best_evolved_transfer/ghr_best_9case_20260525_111552/matrices/P_aes_asap7/results.tsv
P_aes_asap7	aes_asap7	ibex_asap7	PASS	63342.0	63043.9	-0.471	6.905	10.791	1.563	-0.080	<ORIGINAL_WORKSPACE>/dpl_evolve_agent/.dpl_evolve_state/best_evolved_transfer/ghr_best_9case_20260525_111552/matrices/P_aes_asap7/results.tsv
P_aes_asap7	aes_asap7	ibex_nangate45	PASS	200130.4	199410.8	-0.360	5.051	6.620	1.311	0.097	<ORIGINAL_WORKSPACE>/dpl_evolve_agent/.dpl_evolve_state/best_evolved_transfer/ghr_best_9case_20260525_111552/matrices/P_aes_asap7/results.tsv
P_aes_asap7	aes_asap7	jpeg_asap7	PASS	134573.0	133656.1	-0.681	22.995	30.443	1.324	0.403	<ORIGINAL_WORKSPACE>/dpl_evolve_agent/.dpl_evolve_state/best_evolved_transfer/ghr_best_9case_20260525_111552/matrices/P_aes_asap7/results.tsv
P_aes_asap7	aes_asap7	jpeg_nangate45	PASS	467235.7	467161.3	-0.016	33.489	31.304	0.935	0.016	<ORIGINAL_WORKSPACE>/dpl_evolve_agent/.dpl_evolve_state/best_evolved_transfer/ghr_best_9case_20260525_111552/matrices/P_aes_asap7/results.tsv
P_aes_asap7	aes_asap7	swerv_wrapper_asap7	PASS	913899.8	912946.5	-0.104	57.366	65.785	1.147	0.044	<ORIGINAL_WORKSPACE>/dpl_evolve_agent/.dpl_evolve_state/best_evolved_transfer/ghr_best_9case_20260525_111552/matrices/P_aes_asap7/results.tsv
P_aes_asap7	aes_asap7	swerv_wrapper_nangate45	PASS	3267840.1	3276091.3	+0.252	33.953	53.382	1.572	-0.814	<ORIGINAL_WORKSPACE>/dpl_evolve_agent/.dpl_evolve_state/best_evolved_transfer/ghr_best_9case_20260525_111552/matrices/P_aes_asap7/results.tsv
P_aes_nangate45	aes_nangate45	aes_asap7	PASS	42207.8	41314.1	-2.117	5.330	13.244	2.485	0.674	<ORIGINAL_WORKSPACE>/dpl_evolve_agent/.dpl_evolve_state/best_evolved_transfer/ghr_best_9case_20260525_111552/matrices/P_aes_nangate45/results.tsv
P_aes_nangate45	aes_nangate45	aes_nangate45	PASS	176845.1	170356.8	-3.669	6.030	11.273	1.869	2.797	<ORIGINAL_WORKSPACE>/dpl_evolve_agent/.dpl_evolve_state/best_evolved_transfer/ghr_best_9case_20260525_111552/matrices/P_aes_nangate45/results.tsv
P_aes_nangate45	aes_nangate45	ariane133_nangate45	PASS	5784913.3	5429583.3	-6.142	151.252	198.918	1.315	5.874	<ORIGINAL_WORKSPACE>/dpl_evolve_agent/.dpl_evolve_state/best_evolved_transfer/ghr_best_9case_20260525_111552/matrices/P_aes_nangate45/results.tsv
P_aes_nangate45	aes_nangate45	ibex_asap7	PASS	63342.0	63138.0	-0.322	6.905	16.815	2.435	-1.078	<ORIGINAL_WORKSPACE>/dpl_evolve_agent/.dpl_evolve_state/best_evolved_transfer/ghr_best_9case_20260525_111552/matrices/P_aes_nangate45/results.tsv
P_aes_nangate45	aes_nangate45	ibex_nangate45	PASS	200130.4	198887.1	-0.621	5.051	14.171	2.806	-1.092	<ORIGINAL_WORKSPACE>/dpl_evolve_agent/.dpl_evolve_state/best_evolved_transfer/ghr_best_9case_20260525_111552/matrices/P_aes_nangate45/results.tsv
P_aes_nangate45	aes_nangate45	jpeg_asap7	PASS	134573.0	133913.8	-0.490	22.995	53.244	2.315	-0.804	<ORIGINAL_WORKSPACE>/dpl_evolve_agent/.dpl_evolve_state/best_evolved_transfer/ghr_best_9case_20260525_111552/matrices/P_aes_nangate45/results.tsv
P_aes_nangate45	aes_nangate45	jpeg_nangate45	PASS	467235.7	481513.8	+3.056	33.489	76.821	2.294	-4.331	<ORIGINAL_WORKSPACE>/dpl_evolve_agent/.dpl_evolve_state/best_evolved_transfer/ghr_best_9case_20260525_111552/matrices/P_aes_nangate45/results.tsv
P_aes_nangate45	aes_nangate45	swerv_wrapper_asap7	PASS	913899.8	904162.0	-1.066	57.366	118.145	2.059	0.008	<ORIGINAL_WORKSPACE>/dpl_evolve_agent/.dpl_evolve_state/best_evolved_transfer/ghr_best_9case_20260525_111552/matrices/P_aes_nangate45/results.tsv
P_aes_nangate45	aes_nangate45	swerv_wrapper_nangate45	PASS	3267840.1	3234110.7	-1.032	33.953	84.860	2.499	-0.424	<ORIGINAL_WORKSPACE>/dpl_evolve_agent/.dpl_evolve_state/best_evolved_transfer/ghr_best_9case_20260525_111552/matrices/P_aes_nangate45/results.tsv
P_ariane133_nangate45	ariane133_nangate45	aes_asap7	PASS	42207.8	41362.8	-2.002	5.330	9.044	1.697	1.307	<ORIGINAL_WORKSPACE>/dpl_evolve_agent/.dpl_evolve_state/best_evolved_transfer/ghr_best_9case_20260525_111552/matrices/P_ariane133_nangate45/results.tsv
P_ariane133_nangate45	ariane133_nangate45	aes_nangate45	PASS	176845.1	174705.7	-1.210	6.030	8.136	1.349	0.901	<ORIGINAL_WORKSPACE>/dpl_evolve_agent/.dpl_evolve_state/best_evolved_transfer/ghr_best_9case_20260525_111552/matrices/P_ariane133_nangate45/results.tsv
P_ariane133_nangate45	ariane133_nangate45	ariane133_nangate45	PASS	5784913.3	5466760.0	-5.500	151.252	105.088	0.695	5.500	<ORIGINAL_WORKSPACE>/dpl_evolve_agent/.dpl_evolve_state/best_evolved_transfer/ghr_best_9case_20260525_111552/matrices/P_ariane133_nangate45/results.tsv
P_ariane133_nangate45	ariane133_nangate45	ibex_asap7	PASS	63342.0	62877.0	-0.734	6.905	9.130	1.322	0.458	<ORIGINAL_WORKSPACE>/dpl_evolve_agent/.dpl_evolve_state/best_evolved_transfer/ghr_best_9case_20260525_111552/matrices/P_ariane133_nangate45/results.tsv
P_ariane133_nangate45	ariane133_nangate45	ibex_nangate45	PASS	200130.4	198770.6	-0.679	5.051	6.216	1.231	0.514	<ORIGINAL_WORKSPACE>/dpl_evolve_agent/.dpl_evolve_state/best_evolved_transfer/ghr_best_9case_20260525_111552/matrices/P_ariane133_nangate45/results.tsv
P_ariane133_nangate45	ariane133_nangate45	jpeg_asap7	PASS	134573.0	133030.6	-1.146	22.995	26.362	1.146	1.086	<ORIGINAL_WORKSPACE>/dpl_evolve_agent/.dpl_evolve_state/best_evolved_transfer/ghr_best_9case_20260525_111552/matrices/P_ariane133_nangate45/results.tsv
P_ariane133_nangate45	ariane133_nangate45	jpeg_nangate45	PASS	467235.7	465959.7	-0.273	33.489	30.731	0.918	0.273	<ORIGINAL_WORKSPACE>/dpl_evolve_agent/.dpl_evolve_state/best_evolved_transfer/ghr_best_9case_20260525_111552/matrices/P_ariane133_nangate45/results.tsv
P_ariane133_nangate45	ariane133_nangate45	swerv_wrapper_asap7	PASS	913899.8	905737.5	-0.893	57.366	72.362	1.261	0.690	<ORIGINAL_WORKSPACE>/dpl_evolve_agent/.dpl_evolve_state/best_evolved_transfer/ghr_best_9case_20260525_111552/matrices/P_ariane133_nangate45/results.tsv
P_ariane133_nangate45	ariane133_nangate45	swerv_wrapper_nangate45	PASS	3267840.1	3247044.2	-0.636	33.953	43.791	1.290	0.399	<ORIGINAL_WORKSPACE>/dpl_evolve_agent/.dpl_evolve_state/best_evolved_transfer/ghr_best_9case_20260525_111552/matrices/P_ariane133_nangate45/results.tsv
P_ibex_asap7	ibex_asap7	aes_asap7	PASS	42207.8	41801.5	-0.963	5.330	9.178	1.722	0.242	<ORIGINAL_WORKSPACE>/dpl_evolve_agent/.dpl_evolve_state/best_evolved_transfer/ghr_best_9case_20260525_111552/matrices/P_ibex_asap7/results.tsv
P_ibex_asap7	ibex_asap7	aes_nangate45	PASS	176845.1	175505.0	-0.758	6.030	7.055	1.170	0.668	<ORIGINAL_WORKSPACE>/dpl_evolve_agent/.dpl_evolve_state/best_evolved_transfer/ghr_best_9case_20260525_111552/matrices/P_ibex_asap7/results.tsv
P_ibex_asap7	ibex_asap7	ariane133_nangate45	PASS	5784913.3	5572599.4	-3.670	151.252	111.860	0.740	3.670	<ORIGINAL_WORKSPACE>/dpl_evolve_agent/.dpl_evolve_state/best_evolved_transfer/ghr_best_9case_20260525_111552/matrices/P_ibex_asap7/results.tsv
P_ibex_asap7	ibex_asap7	ibex_asap7	PASS	63342.0	62962.4	-0.599	6.905	11.420	1.654	-0.050	<ORIGINAL_WORKSPACE>/dpl_evolve_agent/.dpl_evolve_state/best_evolved_transfer/ghr_best_9case_20260525_111552/matrices/P_ibex_asap7/results.tsv
P_ibex_asap7	ibex_asap7	ibex_nangate45	PASS	200130.4	198707.6	-0.711	5.051	8.663	1.715	-0.003	<ORIGINAL_WORKSPACE>/dpl_evolve_agent/.dpl_evolve_state/best_evolved_transfer/ghr_best_9case_20260525_111552/matrices/P_ibex_asap7/results.tsv
P_ibex_asap7	ibex_asap7	jpeg_asap7	PASS	134573.0	133534.0	-0.772	22.995	29.794	1.296	0.527	<ORIGINAL_WORKSPACE>/dpl_evolve_agent/.dpl_evolve_state/best_evolved_transfer/ghr_best_9case_20260525_111552/matrices/P_ibex_asap7/results.tsv
P_ibex_asap7	ibex_asap7	jpeg_nangate45	PASS	467235.7	462928.2	-0.922	33.489	54.062	1.614	0.315	<ORIGINAL_WORKSPACE>/dpl_evolve_agent/.dpl_evolve_state/best_evolved_transfer/ghr_best_9case_20260525_111552/matrices/P_ibex_asap7/results.tsv
P_ibex_asap7	ibex_asap7	swerv_wrapper_asap7	PASS	913899.8	906710.8	-0.787	57.366	82.597	1.440	0.373	<ORIGINAL_WORKSPACE>/dpl_evolve_agent/.dpl_evolve_state/best_evolved_transfer/ghr_best_9case_20260525_111552/matrices/P_ibex_asap7/results.tsv
P_ibex_asap7	ibex_asap7	swerv_wrapper_nangate45	PASS	3267840.1	3247193.6	-0.632	33.953	56.524	1.665	-0.029	<ORIGINAL_WORKSPACE>/dpl_evolve_agent/.dpl_evolve_state/best_evolved_transfer/ghr_best_9case_20260525_111552/matrices/P_ibex_asap7/results.tsv
P_ibex_nangate45	ibex_nangate45	aes_asap7	PASS	42207.8	41439.3	-1.821	5.330	9.444	1.772	1.048	<ORIGINAL_WORKSPACE>/dpl_evolve_agent/.dpl_evolve_state/best_evolved_transfer/ghr_best_9case_20260525_111552/matrices/P_ibex_nangate45/results.tsv
P_ibex_nangate45	ibex_nangate45	aes_nangate45	PASS	176845.1	176271.3	-0.324	6.030	7.846	1.301	0.073	<ORIGINAL_WORKSPACE>/dpl_evolve_agent/.dpl_evolve_state/best_evolved_transfer/ghr_best_9case_20260525_111552/matrices/P_ibex_nangate45/results.tsv
P_ibex_nangate45	ibex_nangate45	ariane133_nangate45	PASS	5784913.3	5779223.0	-0.098	151.252	201.532	1.332	-0.190	<ORIGINAL_WORKSPACE>/dpl_evolve_agent/.dpl_evolve_state/best_evolved_transfer/ghr_best_9case_20260525_111552/matrices/P_ibex_nangate45/results.tsv
P_ibex_nangate45	ibex_nangate45	ibex_asap7	PASS	63342.0	62974.2	-0.581	6.905	10.867	1.574	0.018	<ORIGINAL_WORKSPACE>/dpl_evolve_agent/.dpl_evolve_state/best_evolved_transfer/ghr_best_9case_20260525_111552/matrices/P_ibex_nangate45/results.tsv
P_ibex_nangate45	ibex_nangate45	ibex_nangate45	PASS	200130.4	199016.1	-0.557	5.051	7.639	1.512	0.062	<ORIGINAL_WORKSPACE>/dpl_evolve_agent/.dpl_evolve_state/best_evolved_transfer/ghr_best_9case_20260525_111552/matrices/P_ibex_nangate45/results.tsv
P_ibex_nangate45	ibex_nangate45	jpeg_asap7	PASS	134573.0	133850.0	-0.537	22.995	40.815	1.775	-0.238	<ORIGINAL_WORKSPACE>/dpl_evolve_agent/.dpl_evolve_state/best_evolved_transfer/ghr_best_9case_20260525_111552/matrices/P_ibex_nangate45/results.tsv
P_ibex_nangate45	ibex_nangate45	jpeg_nangate45	PASS	467235.7	464515.9	-0.582	33.489	50.770	1.516	0.083	<ORIGINAL_WORKSPACE>/dpl_evolve_agent/.dpl_evolve_state/best_evolved_transfer/ghr_best_9case_20260525_111552/matrices/P_ibex_nangate45/results.tsv
P_ibex_nangate45	ibex_nangate45	swerv_wrapper_asap7	PASS	913899.8	913605.5	-0.032	57.366	87.450	1.524	-0.476	<ORIGINAL_WORKSPACE>/dpl_evolve_agent/.dpl_evolve_state/best_evolved_transfer/ghr_best_9case_20260525_111552/matrices/P_ibex_nangate45/results.tsv
P_ibex_nangate45	ibex_nangate45	swerv_wrapper_nangate45	PASS	3267840.1	3269562.1	+0.053	33.953	60.037	1.768	-0.822	<ORIGINAL_WORKSPACE>/dpl_evolve_agent/.dpl_evolve_state/best_evolved_transfer/ghr_best_9case_20260525_111552/matrices/P_ibex_nangate45/results.tsv
P_jpeg_asap7	jpeg_asap7	aes_asap7	PASS	42207.8	41944.7	-0.623	5.330	13.751	2.580	-0.902	<ORIGINAL_WORKSPACE>/dpl_evolve_agent/.dpl_evolve_state/best_evolved_transfer/ghr_best_9case_20260525_111552/matrices/P_jpeg_asap7/results.tsv
P_jpeg_asap7	jpeg_asap7	aes_nangate45	PASS	176845.1	178405.6	+0.882	6.030	12.163	2.017	-1.899	<ORIGINAL_WORKSPACE>/dpl_evolve_agent/.dpl_evolve_state/best_evolved_transfer/ghr_best_9case_20260525_111552/matrices/P_jpeg_asap7/results.tsv
P_jpeg_asap7	jpeg_asap7	ariane133_nangate45	PASS	5784913.3	5789086.3	+0.072	151.252	257.651	1.703	-0.774	<ORIGINAL_WORKSPACE>/dpl_evolve_agent/.dpl_evolve_state/best_evolved_transfer/ghr_best_9case_20260525_111552/matrices/P_jpeg_asap7/results.tsv
P_jpeg_asap7	jpeg_asap7	ibex_asap7	PASS	63342.0	63298.1	-0.069	6.905	15.008	2.173	-1.095	<ORIGINAL_WORKSPACE>/dpl_evolve_agent/.dpl_evolve_state/best_evolved_transfer/ghr_best_9case_20260525_111552/matrices/P_jpeg_asap7/results.tsv
P_jpeg_asap7	jpeg_asap7	ibex_nangate45	PASS	200130.4	199623.5	-0.253	5.051	10.300	2.039	-0.784	<ORIGINAL_WORKSPACE>/dpl_evolve_agent/.dpl_evolve_state/best_evolved_transfer/ghr_best_9case_20260525_111552/matrices/P_jpeg_asap7/results.tsv
P_jpeg_asap7	jpeg_asap7	jpeg_asap7	PASS	134573.0	133313.0	-0.936	22.995	55.198	2.400	-0.433	<ORIGINAL_WORKSPACE>/dpl_evolve_agent/.dpl_evolve_state/best_evolved_transfer/ghr_best_9case_20260525_111552/matrices/P_jpeg_asap7/results.tsv
P_jpeg_asap7	jpeg_asap7	jpeg_nangate45	PASS	467235.7	461831.8	-1.157	33.489	45.008	1.344	0.854	<ORIGINAL_WORKSPACE>/dpl_evolve_agent/.dpl_evolve_state/best_evolved_transfer/ghr_best_9case_20260525_111552/matrices/P_jpeg_asap7/results.tsv
P_jpeg_asap7	jpeg_asap7	swerv_wrapper_asap7	PASS	913899.8	914027.7	+0.014	57.366	110.512	1.926	-0.942	<ORIGINAL_WORKSPACE>/dpl_evolve_agent/.dpl_evolve_state/best_evolved_transfer/ghr_best_9case_20260525_111552/matrices/P_jpeg_asap7/results.tsv
P_jpeg_asap7	jpeg_asap7	swerv_wrapper_nangate45	PASS	3267840.1	3265604.1	-0.068	33.953	73.169	2.155	-1.079	<ORIGINAL_WORKSPACE>/dpl_evolve_agent/.dpl_evolve_state/best_evolved_transfer/ghr_best_9case_20260525_111552/matrices/P_jpeg_asap7/results.tsv
P_jpeg_nangate45	jpeg_nangate45	aes_asap7	PASS	42207.8	41909.9	-0.706	5.330	12.459	2.338	-0.608	<ORIGINAL_WORKSPACE>/dpl_evolve_agent/.dpl_evolve_state/best_evolved_transfer/ghr_best_9case_20260525_111552/matrices/P_jpeg_nangate45/results.tsv
P_jpeg_nangate45	jpeg_nangate45	aes_nangate45	PASS	176845.1	178497.0	+0.934	6.030	12.092	2.005	-1.939	<ORIGINAL_WORKSPACE>/dpl_evolve_agent/.dpl_evolve_state/best_evolved_transfer/ghr_best_9case_20260525_111552/matrices/P_jpeg_nangate45/results.tsv
P_jpeg_nangate45	jpeg_nangate45	ariane133_nangate45	PASS	5784913.3	5792719.1	+0.135	151.252	250.841	1.658	-0.789	<ORIGINAL_WORKSPACE>/dpl_evolve_agent/.dpl_evolve_state/best_evolved_transfer/ghr_best_9case_20260525_111552/matrices/P_jpeg_nangate45/results.tsv
P_jpeg_nangate45	jpeg_nangate45	ibex_asap7	PASS	63342.0	63284.9	-0.090	6.905	14.751	2.136	-1.040	<ORIGINAL_WORKSPACE>/dpl_evolve_agent/.dpl_evolve_state/best_evolved_transfer/ghr_best_9case_20260525_111552/matrices/P_jpeg_nangate45/results.tsv
P_jpeg_nangate45	jpeg_nangate45	ibex_nangate45	PASS	200130.4	199600.6	-0.265	5.051	10.912	2.160	-0.887	<ORIGINAL_WORKSPACE>/dpl_evolve_agent/.dpl_evolve_state/best_evolved_transfer/ghr_best_9case_20260525_111552/matrices/P_jpeg_nangate45/results.tsv
P_jpeg_nangate45	jpeg_nangate45	jpeg_asap7	PASS	134573.0	133423.0	-0.855	22.995	29.489	1.282	0.626	<ORIGINAL_WORKSPACE>/dpl_evolve_agent/.dpl_evolve_state/best_evolved_transfer/ghr_best_9case_20260525_111552/matrices/P_jpeg_nangate45/results.tsv
P_jpeg_nangate45	jpeg_nangate45	jpeg_nangate45	PASS	467235.7	459636.5	-1.626	33.489	30.438	0.909	1.626	<ORIGINAL_WORKSPACE>/dpl_evolve_agent/.dpl_evolve_state/best_evolved_transfer/ghr_best_9case_20260525_111552/matrices/P_jpeg_nangate45/results.tsv
P_jpeg_nangate45	jpeg_nangate45	swerv_wrapper_asap7	PASS	913899.8	914012.0	+0.012	57.366	82.251	1.434	-0.419	<ORIGINAL_WORKSPACE>/dpl_evolve_agent/.dpl_evolve_state/best_evolved_transfer/ghr_best_9case_20260525_111552/matrices/P_jpeg_nangate45/results.tsv
P_jpeg_nangate45	jpeg_nangate45	swerv_wrapper_nangate45	PASS	3267840.1	3265902.7	-0.059	33.953	48.614	1.432	-0.345	<ORIGINAL_WORKSPACE>/dpl_evolve_agent/.dpl_evolve_state/best_evolved_transfer/ghr_best_9case_20260525_111552/matrices/P_jpeg_nangate45/results.tsv
P_swerv_wrapper_asap7	swerv_wrapper_asap7	aes_asap7	PASS	42207.8	41729.7	-1.133	5.330	8.347	1.566	0.578	<ORIGINAL_WORKSPACE>/dpl_evolve_agent/.dpl_evolve_state/best_evolved_transfer/ghr_best_9case_20260525_111552/matrices/P_swerv_wrapper_asap7/results.tsv
P_swerv_wrapper_asap7	swerv_wrapper_asap7	aes_nangate45	PASS	176845.1	178792.2	+1.101	6.030	6.403	1.062	-1.101	<ORIGINAL_WORKSPACE>/dpl_evolve_agent/.dpl_evolve_state/best_evolved_transfer/ghr_best_9case_20260525_111552/matrices/P_swerv_wrapper_asap7/results.tsv
P_swerv_wrapper_asap7	swerv_wrapper_asap7	ariane133_nangate45	PASS	5784913.3	5612296.8	-2.984	151.252	128.526	0.850	2.984	<ORIGINAL_WORKSPACE>/dpl_evolve_agent/.dpl_evolve_state/best_evolved_transfer/ghr_best_9case_20260525_111552/matrices/P_swerv_wrapper_asap7/results.tsv
P_swerv_wrapper_asap7	swerv_wrapper_asap7	ibex_asap7	PASS	63342.0	63032.9	-0.488	6.905	12.541	1.816	-0.330	<ORIGINAL_WORKSPACE>/dpl_evolve_agent/.dpl_evolve_state/best_evolved_transfer/ghr_best_9case_20260525_111552/matrices/P_swerv_wrapper_asap7/results.tsv
P_swerv_wrapper_asap7	swerv_wrapper_asap7	ibex_nangate45	PASS	200130.4	199468.1	-0.331	5.051	7.154	1.416	-0.056	<ORIGINAL_WORKSPACE>/dpl_evolve_agent/.dpl_evolve_state/best_evolved_transfer/ghr_best_9case_20260525_111552/matrices/P_swerv_wrapper_asap7/results.tsv
P_swerv_wrapper_asap7	swerv_wrapper_asap7	jpeg_asap7	PASS	134573.0	133944.7	-0.467	22.995	29.986	1.304	0.212	<ORIGINAL_WORKSPACE>/dpl_evolve_agent/.dpl_evolve_state/best_evolved_transfer/ghr_best_9case_20260525_111552/matrices/P_swerv_wrapper_asap7/results.tsv
P_swerv_wrapper_asap7	swerv_wrapper_asap7	jpeg_nangate45	PASS	467235.7	464774.9	-0.527	33.489	39.352	1.175	0.430	<ORIGINAL_WORKSPACE>/dpl_evolve_agent/.dpl_evolve_state/best_evolved_transfer/ghr_best_9case_20260525_111552/matrices/P_swerv_wrapper_asap7/results.tsv
P_swerv_wrapper_asap7	swerv_wrapper_asap7	swerv_wrapper_asap7	PASS	913899.8	911152.2	-0.301	57.366	74.611	1.301	0.050	<ORIGINAL_WORKSPACE>/dpl_evolve_agent/.dpl_evolve_state/best_evolved_transfer/ghr_best_9case_20260525_111552/matrices/P_swerv_wrapper_asap7/results.tsv
P_swerv_wrapper_asap7	swerv_wrapper_asap7	swerv_wrapper_nangate45	PASS	3267840.1	3276700.7	+0.271	33.953	46.143	1.359	-0.591	<ORIGINAL_WORKSPACE>/dpl_evolve_agent/.dpl_evolve_state/best_evolved_transfer/ghr_best_9case_20260525_111552/matrices/P_swerv_wrapper_asap7/results.tsv
P_swerv_wrapper_nangate45	swerv_wrapper_nangate45	aes_asap7	PASS	42207.8	41809.2	-0.944	5.330	8.590	1.612	0.340	<ORIGINAL_WORKSPACE>/dpl_evolve_agent/.dpl_evolve_state/best_evolved_transfer/ghr_best_9case_20260525_111552/matrices/P_swerv_wrapper_nangate45/results.tsv
P_swerv_wrapper_nangate45	swerv_wrapper_nangate45	aes_nangate45	PASS	176845.1	176676.9	-0.095	6.030	8.434	1.399	-0.271	<ORIGINAL_WORKSPACE>/dpl_evolve_agent/.dpl_evolve_state/best_evolved_transfer/ghr_best_9case_20260525_111552/matrices/P_swerv_wrapper_nangate45/results.tsv
P_swerv_wrapper_nangate45	swerv_wrapper_nangate45	ariane133_nangate45	PASS	5784913.3	5761096.9	-0.412	151.252	160.014	1.058	0.412	<ORIGINAL_WORKSPACE>/dpl_evolve_agent/.dpl_evolve_state/best_evolved_transfer/ghr_best_9case_20260525_111552/matrices/P_swerv_wrapper_nangate45/results.tsv
P_swerv_wrapper_nangate45	swerv_wrapper_nangate45	ibex_asap7	PASS	63342.0	63216.6	-0.198	6.905	8.400	1.217	0.050	<ORIGINAL_WORKSPACE>/dpl_evolve_agent/.dpl_evolve_state/best_evolved_transfer/ghr_best_9case_20260525_111552/matrices/P_swerv_wrapper_nangate45/results.tsv
P_swerv_wrapper_nangate45	swerv_wrapper_nangate45	ibex_nangate45	PASS	200130.4	199382.1	-0.374	5.051	5.980	1.184	0.266	<ORIGINAL_WORKSPACE>/dpl_evolve_agent/.dpl_evolve_state/best_evolved_transfer/ghr_best_9case_20260525_111552/matrices/P_swerv_wrapper_nangate45/results.tsv
P_swerv_wrapper_nangate45	swerv_wrapper_nangate45	jpeg_asap7	PASS	134573.0	133736.5	-0.622	22.995	25.028	1.088	0.622	<ORIGINAL_WORKSPACE>/dpl_evolve_agent/.dpl_evolve_state/best_evolved_transfer/ghr_best_9case_20260525_111552/matrices/P_swerv_wrapper_nangate45/results.tsv
P_swerv_wrapper_nangate45	swerv_wrapper_nangate45	jpeg_nangate45	PASS	467235.7	471616.7	+0.938	33.489	38.514	1.150	-1.002	<ORIGINAL_WORKSPACE>/dpl_evolve_agent/.dpl_evolve_state/best_evolved_transfer/ghr_best_9case_20260525_111552/matrices/P_swerv_wrapper_nangate45/results.tsv
P_swerv_wrapper_nangate45	swerv_wrapper_nangate45	swerv_wrapper_asap7	PASS	913899.8	911628.3	-0.249	57.366	61.964	1.080	0.249	<ORIGINAL_WORKSPACE>/dpl_evolve_agent/.dpl_evolve_state/best_evolved_transfer/ghr_best_9case_20260525_111552/matrices/P_swerv_wrapper_nangate45/results.tsv
P_swerv_wrapper_nangate45	swerv_wrapper_nangate45	swerv_wrapper_nangate45	PASS	3267840.1	3251810.1	-0.491	33.953	38.440	1.132	0.449	<ORIGINAL_WORKSPACE>/dpl_evolve_agent/.dpl_evolve_state/best_evolved_transfer/ghr_best_9case_20260525_111552/matrices/P_swerv_wrapper_nangate45/results.tsv
